{"cameraMode":{"drawMode":0,"name":"Shaded","section":"Shading Mode"},"sceneLighting":true,"audioPlay":false,"sceneViewState":{"showFog":true,"showMaterialUpdate":false,"showSkybox":true,"showFlares":true,"showImageEffects":true,"showParticleSystems":true},"in2DMode":false,"pivot":{"x":0.7551529407501221,"y":0.13222694396972657,"z":-2.928312301635742},"rotation":{"x":0.4474647045135498,"y":-0.05868140235543251,"z":0.029448099434375764,"w":0.8919206857681274},"size":29.938961029052736,"orthographic":false}