{"cameraMode":{"drawMode":0,"name":"Shaded","section":"Shading Mode"},"sceneLighting":false,"audioPlay":false,"sceneViewState":{"showFog":true,"showMaterialUpdate":false,"showSkybox":false,"showFlares":true,"showImageEffects":true,"showParticleSystems":true},"in2DMode":false,"pivot":{"x":2.7784459590911867,"y":1.0979336500167847,"z":-8.346131324768067},"rotation":{"x":-0.3657197058200836,"y":-0.05128295719623566,"z":0.020203696563839914,"w":-0.9291132092475891},"size":2.8578836917877199,"orthographic":false}